{"mse": 0.8642636120849011, "r2": 0.16708833357794095}